LiH,2.981
BeH2,5.326
B9H11,2.9118
B2H5,6.3448
BH3,5.3234
B5H7,3.5551
H34C19,5.4526
H3N,4.3287
H2O,5.5175
HF,6.7187
NaH,3.7382
MgH2,3.7097
AlH3,2.1979
SiH4,6.5621
H2S,4.3246
HCl,5.8162
KH,3.4331
CaH2,3.028
ScH2,0.0136
TiH2,0.0161
VH2,0
V2H,0
CrH,0
NiH,0
HBr,4.681
RbH,2.9163
SrH2,3.1544
YH3,0.0405
YH2,0
ZrH2,0.0181
NbH2,0
HRh,0
HPd,0.216
HI,4.0739
CsH,2.5693
BaH2,2.8699
LaH2,0
CeH2,0.0015
PrH2,0.0583
NdH2,0.0445
PmH3,0
PmH,0
SmH2,0.0182
SmH3,0
GdH2,0
GdH3,0.1913
Tb4H9,0.0214
TbH2,0
DyH2,0
HoH2,0
HoH3,0.3813
ErH2,0
TmH2,0
YbH2,2.9087
LuH2,0
LuH3,0.0921
HfH2,0.023
TaH2,0
Ta2H,0
AcH2,0
AcH3,0.9544
Th4H15,0
ThH2,0.0387
PaH3,0.0266
UH3,0.0126
NpH2,0
PuH2,0
PuH3,0.0
LiB,0.0
LiN3,3.6364
Li3N,0.984
Li2O,4.8986
Li2O2,1.9743
LiF,8.7161
Li5Mg,0
LiMg2,0
LiMg149,0
LiAl,0.0
Li3Al2,0.2427
Li9Al4,0
LiSi,0.0
Li21Si5,0
Li13Si4,0.021
Li12Si7,0.2039
Li3P,0.6996
Li3P7,1.7927
LiP,1.0144
LiP7,1.6527
Li2S,3.3862
LiCl,6.25
Li2Ca,0
LiCu3,0.1169
LiZn,0.0
LiZn3,0
Li2Ga,0.0
LiGa,0.0
Li3Ga2,0.0959
Li3Ga7,0.1048
LiGa3,0.0
LiGe,0.0
Li15Ge4,0.0
Li9Ge4,0.0
LiAs,0.508
Li3As,0.6365
Li2Se,2.9746
LiBr,4.9234
Sr3Li2,0.0
LiRh,0
Li2Pd,0.0
LiPd,0.1179
Li3Pd,0.0823
LiPd3,0.2369
LiAg,0.0
LiAg3,0.1989
Li3Ag,0
LiCd,0.0
Li3Cd,0
LiCd3,0
Li3In2,0.0881
Li2In,0.0953
LiIn,0.041
Li13In3,0.0623
LiIn3,0.0
LiSn,0
Li17Sn4,0.0169
Li13Sn5,0.0137
Li7Sn2,0.1313
Li3Sb,0.6961
Li2Sb,0.0
Li2Te,2.4982
LiI,4.3818
LiIr,0.0145
LiIr3,0.0018
Li2Pt,0.0
LiPt7,0.0132
LiPt,0.05
Li3Pt,0.1984
LiPt3,0
Li3Au,0.0056
Li15Au4,0
LiAu3,0.0
LiHg,0.2748
Li3Hg,0.034
Li3Tl,0.0
Li5Tl2,0.0347
LiTl,0.0
Li8Pb3,0.0
LiPb,0.1965
Li3Pb,0.043
Li17Pb4,0.0118
Li7Pb2,0.0557
LiBi,0.0
Li3Bi,0.4911
Be4B,0.0647
Be2C,1.1656
Be3N2,3.3129
BeO,7.4598
BeF2,7.9632
MgBe13,0.09
BeP2,0.8314
Be3P2,0.8891
BeS,3.1435
BeCl2,6.3324
CaBe13,0.0355
ScBe5,0.084
TiBe2,0.0
Ti2Be17,0.0
Be2V,0.0
Be12V,0
Be12Cr,0.0
Be2Cr,0.0
MnBe2,0.0
Be2Fe,0.0133
BeCo,0.0476
BeNi,0.2635
Be3Ni,0.1174
Be2Cu,0.0216
BeSe,2.6702
BeBr2,5.1775
SrBe13,0.0513
ZrBe5,0.0
ZrBe13,0.0
Zr2Be17,0.1274
Be12Nb,0
Be3Nb,0.0636
Be17Nb2,0.0649
Be2Mo,0.0
Be12Mo,0.0
Be17Ru3,0.0827
Be3Ru,0.231
BeRh,0.4941
Be3Rh,0
BePd3,0.0
BePd2,0.0
BePd,0.0
Be5Pd,0.0
BeTe,2.0176
BeI2,4.0677
CeBe13,0.0
TbBe13,0.0008
DyBe13,0.0042
YbBe13,0
HfBe5,0.0
HfBe13,0.0
TaBe2,0.0
Ta2Be,0.0
TaBe12,0
Be12W,0.0
Be2W,0.0
Be22Re,0
Be2Re,0.0
Be3Ir,0.1519
Be12Pt,0.0
BeAu2,0.0
BeAu,0.0
Be5Au,0.2852
ThBe13,0.0058
UBe13,0.0
NpBe13,0.009
PuBe13,0.0179
B13C2,0.0089
BN,4.4806
B6O,1.8524
B2O3,6.3017
BF3,8.1417
NaB15,0.0
Na3B20,0.1315
MgB2,0.0
MgB4,0.3641
Al23B50,0.0549
SiB3,1.408
BP,1.2435
B6P,2.4757
BS2,2.5564
B2S3,2.4293
BCl3,4.7135
KB6,0.0
CaB6,0.0
ScB2,0.1478
ScB12,0.3153
TiB2,0.0
TiB,0
VB2,0
VB,0.0
V3B4,0.005
V2B3,0.0
V3B2,0.0
CrB,0.0
Cr5B3,0.0
Cr2B,0
CrB4,0.0
Mn2B,0.0
MnB,0.0
MnB4,0
Fe2B,0.0
FeB,0.0
CoB,0.0
Ni3B,0.0
Ni4B3,0
Ni2B,0.0
B6As,2.6454
BBr3,3.8273
SrB6,0.0
YB4,0.0
YB2,0.1172
YB12,0.3379
ZrB2,0.0
Nb3B2,0.0
NbB2,0
Nb3B4,0.0032
NbB,0.0
B2Mo,0.0
BMo,0.0
B3Ru2,0.0
B2Ru,0.0
BRh,0
B4Rh5,0
BPd2,0.0
BPd3,0.0
BI3,2.6816
BaB6,0.0
LaB6,0
LaB4,0.0
CeB6,0.0
CeB4,0.0
PrB6,0
Pr2B5,0.0122
PrB4,0.14
NdB6,0
NdB4,0.0
Nd2B5,0.0
PmB3,0.2897
SmB4,0.0
SmB6,0
Sm2B5,0.002
EuB6,0.6101
Gd2B5,0.0
GdB6,0.0521
TbB4,0.0
TbB2,0
DyB2,0.1116
DyB4,0.0
HoB2,0.112
HoB4,0.0
ErB4,0.0
ErB2,0.1133
TmB2,0.1155
TmB4,0.0
YbB6,0.0
LuB2,0.1212
LuB4,0.0
HfB2,0.0
Ta3B2,0.0
TaB2,0
Ta3B4,0.0221
Ta5B6,0
TaB,0.0
B2W,0.0
BW2,0.0
BW,0.0
ReB2,0.0
Re3B,0.0
B2Os,0.0
BPt3,0
ThB6,0.0
ThB4,0.0948
PaB3,0
UB2,0.0
UB12,0.0729
UB4,0
NpB2,0
PuB6,0.0
PuB4,0.0247
CO2,6.6332
CF4,9.1156
Al4C3,1.3154
SiC,2.023
KC8,0.0154
Sc3C4,0.0
Sc2C,0.0
Sc4C3,0.327
Sc15C19,0.0554
Ti2C,0.0
Ti8C5,0.0
TiC,0.0
V2C,0.0
V6C5,0.0
Cr3C2,0.0
Cr23C6,0.0409
Cr7C3,0.0022
Mn23C6,0.0024
RbC8,0
Y4C5,0.0
Y4C7,0.0
Y2C,0.0
ZrC,0.0
Zr10C9,0
Nb6C5,0.0
Nb2C,0.0
Mo2C,0.0
CsC8,0
LaC2,0
La2C3,0.0
Ce2C3,0.0
Pr2C3,0.0
Nd2C3,0.0
Sm2C3,0.0
GdC2,0.0
Tb4C5,0.0
Tb2C,0.0
Dy2C3,0.0
Dy2C,0
Ho4C5,0.0
Ho2C,0.0
Ho4C7,0.6147
Er15C19,0.0995
Tm2C3,0.0
Yb2C3,0.0
Lu4C7,0.3527
HfC,0.0
TaC,0.081
Ta2C,0.0
WC,0.0
ThC,0.0
ThC2,0.0
PaC,0
UC,0.0
UC2,0.0
U2C3,0.0
Pu2C3,0.0276
N2O5,0.6626
NO2,2.8134
NaN3,4.0245
Mg3N2,1.51
AlN,4.0564
Si3N4,4.2451
P3N5,3.5526
NCl3,2.1636
KN3,4.1559
CaN6,3.5449
Ca2N,0.0171
Ca3N2,1.1111
ScN,0.0
TiN,0
Ti2N,0.0
VN,0.0
V2N,0
CrN,0
Cr2N,0
Mn2N,0.0
MnN,0.0
Fe3N,0.0
FeN,0
CoN,0.0
Co2N,0.0
Ni3N,0.0
Zn3N2,0.0
GaN,1.7433
Ge3N4,2.064
RbN3,4.1736
SrN6,3.7752
Sr2N,0.0366
SrN2,0.0
SrN,0.0
YN,0.1472
Zr3N4,0.9708
ZrN,0
Zr3N2,0
NbN,0.0
Nb5N6,0
Nb16N9,0
MoN,0.0
Mo15N16,0.0211
InN,0.1321
CsN3,4.2196
BaN6,3.8159
BaN2,0.0
Ba3N,0.0
Ba2N,0.0548
LaN,1.1159
CeN,0
PrN,0.0
NdN,0.0
SmN,0.0
EuN,0.0
GdN,0.0561
TbN,0.0156
DyN,0.0515
HoN,0.0843
ErN,0.1198
TmN,0.1567
Yb3N2,0.3403
YbN2,0.0341
LuN,0.2365
HfN,0
Hf3N4,1.0064
Hf2N,0.0717
Ta3N5,1.2141
Ta2N,0
TaN,0.0
Ta5N6,0
WN2,0.8351
AcN,0.078
ThN,0
Th3N4,1.4415
UN,0.0007
UN2,0.6911
U4N7,0.0013
NpN,0.0
NpN2,0.0134
PuN,0
Na2O,1.8736
NaO2,0.0
Na2O2,1.7361
MgO,4.4449
Al2O3,5.8537
SiO2,5.7034
Si6O13,2.0845
P2O5,5.3472
SO3,5.1448
SO2,2.8368
ClO3,1.3649
Cl2O,1.0529
ClO2,0.964
Cl2O7,3.6565
KO2,0
K2O,1.7072
K2O2,2.3447
CaO,3.6344
Sc2O3,3.8235
Ti2O3,0.0
Ti2O,0.0
TiO2,2.6774
TiO,0.0133
Ti3O5,0.0002
Ti2O7,1.154
Ti6O,0.0
Ti3O,0.0
V2O5,2.1562
VO2,0.8765
V2O3,0.0
V3O5,0.9893
V3O7,0.996
Cr2O3,2.4365
Cr5O12,1.7943
CrO2,0.0
Mn3O4,0.6926
MnO2,1.0947
Mn2O3,0.1177
MnO,1.6823
Fe3O4,0.0
FeO,0.0
Fe2O3,2.019
Co3O4,0.0
CoO,0.588
CoO2,1.2174
NiO,2.3175
Ni3O4,0.2511
Cu2O,0.4997
Cu2O3,0.0
CuO,0.0
ZnO,0.7317
ZnO2,2.1272
Ga2O3,2.0078
GeO2,3.2501
As2O3,3.62
As2O5,1.3437
Se2O5,3.0062
SeO2,3.2709
Br2O3,1.7587
Rb6O,0.0
Rb2O3,0.0
RbO3,0.8773
Rb9O2,0
Rb2O,0.4531
SrO,3.2748
SrO2,2.8495
Y2O3,4.0531
ZrO2,3.4737
Zr3O,0.0
NbO2,0.1655
NbO,0.0094
Nb12O29,0
Nb2O5,1.6713
MoO2,0.0
MoO3,1.3723
Mo8O23,1.0385
Tc2O7,2.6664
TcO2,0.0494
RuO2,0.0
RuO4,2.4251
RhO2,0.0
PdO,0.0
Ag2O,0.0
Ag3O4,0.0
AgO,0.0
CdO,0.0
CdO2,1.2535
In2O3,0.9324
SnO2,0.6519
SnO,0.4096
Sb2O5,0.8138
Sb2O3,2.2239
SbO2,1.883
TeO2,2.2279
TeO3,1.1503
Te2O5,1.6729
I2O5,2.7607
Cs2O,0.5857
CsO2,0
Cs7O,0
Cs3O,0.0
Cs11O3,0.0166
CsO,1.6496
BaO2,2.2284
BaO,2.0906
La2O3,3.5319
CeO2,1.8647
Ce7O12,0.0
Ce11O20,0.0008
CeO,0.0
Ce2O3,0.0028
Ce5O9,0.000400000000001
Pr2O3,3.6593
Pr5O9,2.8244
NdO2,3.4112
Nd2O3,3.708
Pm2O3,3.7666
Sm2O3,3.7823
EuO,0.0765
Eu2O3,0
Gd2O3,3.037
Tb2O3,3.9006
Dy2O3,3.9251
Ho2O3,3.9458
Er2O3,3.9629
Tm2O3,3.9787
YbO,3.4599
YbO2,3.1093
Lu2O3,4.0206
HfO2,4.0165
Ta2O5,1.2267
TaO10,0
WO3,1.3331
W18O49,0
WO2,1.2391
ReO3,0.0
OsO2,0.0
OsO4,3.3465
IrO2,0.0
PtO2,0.6418
Pt3O4,0.0
Au2O3,0.82
HgO,1.1867
Tl2O,0.5194
Tl2O3,0.0
Tl4O3,1.0917
PbO,1.4695
PbO2,0.0155
Pb3O4,1.133
BiO2,1.1596
Bi2O3,2.2876
Bi4O7,0.904
Ac2O3,3.5226
ThO2,4.417
PaO2,0
PaO3,0.0384
U3O8,0.0
UO3,1.635
UO2,0.0
NpO2,0
Np2O5,0
PuO2,0.0
Pu2O3,0.0025
NaF,6.0943
MgF2,6.824
AlF3,7.6012
SiF4,7.7173
PF5,7.0881
SF6,5.7755
ClF3,2.4608
ClF,2.0481
KF,5.9956
CaF2,7.1148
ScF3,6.0729
TiF3,0
TiF4,4.166
VF2,2.2511
VF4,2.2417
VF3,1.5498
VF5,2.9917
CrF2,2.5732
CrF3,2.838
CrF5,1.3584
CrF4,1.5634
MnF2,2.8743
MnF3,0.3873
MnF4,1.3254
FeF3,3.1061
FeF2,3.2415
CoF2,3.0717
CoF3,0.0
NiF2,4.8034
CuF2,0.0
ZnF2,3.48
GaF3,4.7051
GeF2,4.0597
GeF4,5.5005
Ge5F12,4.3696
AsF3,5.36
AsF5,4.6002
SeF4,4.1374
BrF3,2.1576
BrF5,3.4378
KrF2,2.7303
RbF,5.5244
RbF2,1.3381
SrF2,6.7493
YF3,7.5338
ZrF4,4.8934
Nb2F5,0.1798
NbF5,4.5662
MoF5,2.0375
MoF6,4.1644
MoF3,3.5743
TcF3,0.0068
RuF3,0
RuF5,0.6511
RhF3,0.8626
RhF5,0.0
PdF4,0.7054
PdF3,0
Ag2F,0
AgF3,0.1448
AgF2,0.0
Ag2F5,0.0
AgF,0.0
CdF2,2.8977
InF3,4.0226
Sn3F8,3.22
SnF3,2.7195
SnF2,3.2522
SnF4,3.0953
SbF3,4.4381
Sb2F7,3.8056
Sb11F43,3.5093
SbF4,3.4408
Sb7F29,3.5953
TeF6,4.3688
TeF4,4.0186
IF5,4.6815
IF7,1.4653
XeF6,2.7851
XeF4,2.8225
XeF3,2.4834
XeF2,2.6862
CsF,5.2602
BaF2,6.6189
LaF3,6.0429
CeF3,0.1994
CeF4,2.1
PrF3,7.5968
NdF3,7.6164
PmF3,5.1959
SmF3,7.7298
EuF2,0.125
EuF3,0.0
TbF3,7.7511
HoF3,7.7482
ErF3,7.6163
TmF3,5.3727
YbF2,6.7345
HfF4,5.402
TaF5,5.533
WF6,5.3735
ReF7,1.9773
OsF6,0.0
OsF5,0.0
IrF6,0.7656
IrF4,0.0
PtF4,1.3811
PtF6,0.0
PtF5,0.0
AuF3,1.4723
AuF5,0.789
Au3F8,0.546
HgF,1.7582
HgF2,0.9684
TlF3,1.2591
TlF,3.2045
PbF2,4.3951
PbF4,1.9022
PbF3,1.8822
BiF3,4.6808
BiF5,1.8138
ThF4,6.5408
UF5,0.7489
UF6,2.7932
UF4,0
UF3,0.234
NpF4,0.0
NpF3,0.0
PuF3,0.0535
NaSi,1.2884
Na3P,0.404
Na3P11,1.8326
NaP,0.8684
NaS,1.2348
Na2S,2.4399
NaS2,1.9966
NaCl,5.0033
KNa2,0
NaZn13,0.0939
NaGa4,0.0426
Na7Ga13,0.0679
NaGe,0.6652
Na3As,0.0669
Na3As7,1.4262
Na2Se,2.0162
NaSe,0.4795
NaSe2,1.1815
NaBr,4.0899
NaAg2,0.1663
Na26Cd141,0.0745
NaCd3,0.1121
NaIn,0.0
Na2In,0.0
NaIn3,0
NaSn,0.3429
NaSn2,0.0015
Na15Sn4,0.3706
Na9Sn4,0.0011
NaSb,0.6019
Na3Sb,0.3986
Na2Te,2.0247
NaTe3,0.5092
NaI,3.5255
BaNa2,0.0097
NaPt2,0.0
Na2Au,0.0
NaAu2,0.0
Na8Hg3,0.0
NaHg,0.0
NaHg2,0.0284
NaTl,0.0
Na2Tl,0.0361
NaPb3,0.3216
Na15Pb4,0.2326
NaPb,0.0128
NaBi,0.0
Na3Bi,0.0
Mg17Al12,0.0
Mg23Al30,0.008
Mg2Si,0.2183
MgP4,0.7596
Mg3P2,1.6068
MgS,2.7628
MgCl2,5.6168
CaMg2,0.0
MgSc,0.1082
Mg3Sc,0
MgSc2,0
MgCo2,0
Mg2Ni,0.0225
MgNi2,0.0
MgCu2,0.0
Mg2Cu,0.0174
MgZn2,0.0
Mg21Zn25,0.0429
Mg4Zn7,0.0044
Mg2Zn11,0.085
Mg2Ga,0.1051
MgGa2,0
Mg2Ga5,0.0233
Mg5Ga2,0.0
Mg2Ge,0.1689
MgAs4,0.8144
Mg3As2,1.431
MgSe,2.5476
MgBr2,4.4707
Sr2Mg17,0.0
SrMg2,0.0
Sr6Mg23,0.0071
YMg,0.0209
YMg3,0.0423
Y2Mg,0
Mg3Ru2,0.0
Mg2Rh,0.009
MgRh,0.1467
Mg3Rh,0.0
Mg44Rh7,0.0908
MgRh3,0
MgPd2,0.0056
MgPd,0.0
Mg5Pd2,0.0
Mg3Pd,0.0594
MgPd3,0.0
Mg2Pd,0.0071
MgAg,0.0516
Mg54Ag17,0.0159
MgAg3,0
MgCd3,0.0
MgCd,0.0482
Mg3Cd,0.0389
MgIn,0.0645
Mg3In,0
Mg2Sn,0.0
Mg3Sb2,0.2172
MgTe,2.3612
MgI2,3.6162
Ba2Mg17,0.0439
Ba6Mg23,0.0
BaMg2,0.0
LaMg,0.1174
LaMg3,0.0264
La2Mg17,0.0378
CeMg3,0.0
PrMg,0.124
PrMg3,0.0225
PrMg12,0.0118
NdMg,0.1009
NdMg12,0.0663
NdMg3,0.0272
PmMg,0.0051
SmMg,0.1151
SmMg3,0.0304
EuMg,0.0452
GdMg,0.0
GdMg2,0.0048
GdMg3,0.0022
TbMg,0.0244
TbMg3,0.0281
DyMg,0.0337
DyMg3,0.0147
Dy2Mg,0
HoMg,0.0051
Ho2Mg,0
HoMg3,0
ErMg,0.0428
Er5Mg24,0.0308
ErMg2,0.048
ErMg3,0.0982
Er2Mg,0
TmMg,0.0398
Tm5Mg24,0.0156
TmMg2,0.0
Tm2Mg,0
YbMg2,0.0
LuMg,0.0965
MgIr2,0.0
Mg3Ir,0.0
Mg29Ir4,0.0
Mg44Ir7,0.0402
MgIr,0.0099
Mg3Pt,0.0
Mg2Pt,0.0
MgPt3,0.0
MgPt,0.0
Mg3Au,0.0
Mg2Au,0.0
MgAu3,0.0
MgAu,0.2281
Mg2Hg,0.1593
MgHg,0.0
MgTl,0.1452
Mg3Tl,0
Mg2Pb,0.0
Mg3Bi2,0.0164
AcMg5,0
AcMg,0
AlP,1.6302
Al2S3,2.817
AlCl3,5.263
CaAl2,0.0
ScAl3,0.0
Sc2Al,0.0
ScAl,0.0
ScAl2,0.0
Sc3Al,0
Ti3Al,0.0
TiAl,0.0228
TiAl3,0.0346
TiAl2,0.0
Al3V,0.0
AlV3,0.0
AlCr2,0.0072
Al45Cr7,0.0081
Al3Cr,0.033
MnAl6,0.0
Mn4Al11,0.0027
MnAl,0.0
AlFe,0.0493
AlFe3,0.0051
Al6Fe,0
Al5Co2,0.0
AlCo,0.0
Al9Co2,0.0516
AlNi,0.0947
AlNi3,0.0201
Al3Ni2,0.079
Al3Ni,0.0587
Al4Ni3,0.0488
Al3Ni5,0.0223
Al2Cu,0.0
Al4Cu9,0.0
AlCu3,0.1091
AlCu,0.0
AlAs,1.5017
Al2Se3,1.8016
AlBr3,4.1908
Sr5Al9,0.011
SrAl2,0.0
SrAl4,0.0
Sr8Al7,0.0019
Y2Al,0.0
YAl2,0.0
YAl3,0
Zr4Al3,0.084
Zr3Al,0.0442
ZrAl2,0.0
ZrAl3,0.0
Zr2Al3,0.0582
NbAl3,0.0
Nb2Al,0.042
AlMo3,0.0
Al5Mo,0.0
Al8Mo3,0.1411
Al12Mo,0.0646
Al3Mo,0.0025
Al6Tc,0.0221
Al12Tc,0.0847
Al3Tc,0.0046
AlRu,0.0568
Al6Ru,0.0619
Al13Ru4,0.0195
Al2Ru,0.087
Al9Rh2,0.0
AlRh,0.0
Al5Rh2,0.0494
AlPd5,0.0
Al3Pd2,0.1263
AlPd2,0.0
AlPd,0.0097
Al21Pd8,0.0606
AlSb,1.2273
Al2Te5,1.0356
Al2Te3,1.8758
AlI3,3.2579
Ba4Al5,0.0
BaAl4,0.0
Ba7Al10,0.0624
Ba21Al40,0.0061
LaAl,0.0
LaAl3,0.0
LaAl2,0.0766
La3Al11,0.0037
CeAl3,0.0
CeAl2,0.0
PrAl2,0.0
PrAl3,0.0
PrAl,0
NdAl2,0.0
NdAl3,0.0
NdAl,0.0045
PmAl3,0
SmAl2,0.0
SmAl3,0
EuAl4,0
EuAl2,0.0
GdAl2,0.0595
GdAl3,0
TbAl,0.0
TbAl2,0.0
TbAl3,0
DyAl,0.0268
DyAl2,0.0
DyAl3,0
HoAl2,0.0
HoAl3,0.079
Ho2Al,0.0137
ErAl2,0.0
ErAl3,0.0242
Er3Al2,0.0
TmAl2,0.032
TmAl3,0.0
TmAl,0.014
YbAl2,0.0
LuAl3,0.0767
LuAl2,0.0139
Lu3Al2,0.0024
LuAl,0.0
Hf3Al2,0.0
HfAl3,0.0
HfAl,0.0
HfAl2,0.0
TaAl3,0.0
Al12W,0.0
Al5W,0.0
AlRe2,0.018
Al12Re,0.1128
Al6Re,0.0839
Al2Os,0.3032
Al13Os4,0
Al3Ir,0.0
AlIr,0.0
Al9Ir2,0.0
AlPt3,0.0
Al3Pt5,0.0
AlPt2,0.0
Al2Pt,0.0
Al3Pt2,0.1361
Al21Pt8,0.0215
AlPt,0.0
Al2Au,0.0614
AlAu2,0.0
AlAu4,0.0
Al3Au8,0.0633
AlAu,0.0
AcAl3,0
ThAl2,0.0
Th2Al,0.0
ThAl3,0.0
PaAl3,0
Pa3Al,0.0078
UAl2,0.0
NpAl4,0.0
NpAl2,0.0
PuAl3,0.0345
SiP2,1.4174
SiP,1.7395
SiS2,3.0676
SiCl4,5.6308
KSi,1.2619
CaSi,0.0
CaSi2,0.0
Ca2Si,0.2912
Ca5Si3,0
Sc5Si3,0.0
ScSi,0.0
TiSi2,0.0
Ti5Si4,0.0
TiSi,0.0
Ti5Si3,0.0
V3Si,0.0
VSi2,0
V5Si3,0.0319
Cr3Si,0.0
CrSi2,0.0
MnSi,0.0
Mn3Si,0.0272
Mn4Si7,0.7786
FeSi,0.1809
FeSi2,0.6966
Fe3Si,0.0
CoSi,0.0
CoSi2,0
Co2Si,0.0
SiNi,0.0
SiNi3,0.0
Si2Ni,0.0
SiNi2,0
Si12Ni31,0
Si4Cu15,0
SiAs,1.4519
SiSe2,2.1493
SiBr4,4.1057
RbSi,1.35
Sr5Si3,0.0
Sr2Si,0.3467
SrSi,0.0
SrSi2,0.0
Y5Si3,0.0
YSi,0.0
ZrSi2,0.0
Zr2Si,0.0
Zr5Si4,0
ZrSi,0.0
NbSi2,0
Nb5Si3,0.0
NbSi2,0
Si3Mo5,0.0
SiMo3,0.0
Si2Mo,0.0
SiRu,0.2259
Si3Ru2,0.5511
Si2Ru,0.4067
SiRh,0.0
SiRh2,0.0
Si3Rh5,0.0597
Si4Rh3,0.0922
Si2Pd9,0.0
SiPd,0.0
SiPd3,0.0192
SiPd2,0.1769
SiI3,2.8485
SiI4,2.8561
CsSi,1.6183
BaSi2,0.7813
Ba3Si4,0.0
BaSi,0.0
Ba2Si,0.0005
LaSi2,0.0
LaSi,0.0
La5Si3,0.0
CeSi,0.0
CeSi2,0
Ce5Si3,0
PrSi,0.0
Pr5Si4,0.0157
PrSi2,0
Nd5Si4,0.0064
Nd5Si3,0
NdSi2,0
NdSi,0.0
Pm3Si,0.0277
PmSi3,0
Sm5Si4,0
SmSi2,0
EuSi,0.0
EuSi2,0.0133
GdSi2,0.0138
GdSi,0.0
Tb5Si3,0.0
TbSi,0.0
DySi,0.0
Dy5Si3,0.0
Dy10Si17,0.0193
HoSi,0.0
Ho5Si3,0.0
Ho10Si17,0.0094
Er5Si3,0.0
ErSi,0.0
TmSi2,0
YbSi,0
LuSi2,0.0226
Lu5Si3,0.0
Hf2Si,0.0
HfSi,0.0
HfSi2,0.0
Hf3Si2,0.0
TaSi2,0
Ta5Si3,0.0
TaSi2,0
Ta3Si,0.0251
Si2W,0.0
Re4Si7,0.2983
ReSi,0
Si2Os,0.652
Si3Os2,0.8553
Si5Ir3,0.9331
SiIr,0.0
SiIr3,0
Si4Ir3,0
SiPt,0.0
SiPt2,0.0
AcSi3,0
ThSi2,0.0
ThSi,0.0019
PaSi3,0
Pa3Si,0.0523
USi3,0.0
U3Si,0
NpSi3,0.0015
NpSi2,0.0
PuSi2,0.0
PuSi3,0
P4S3,2.8693
P2S5,2.554
P4S7,2.7719
P4S9,2.6953
PCl3,4.0342
PCl5,1.7747
K2P3,1.1205
K3P11,1.93
K4P3,0.0
KP,1.0307
CaP3,0.0241
Ca5P8,1.1418
CaP,0.3443
ScP,0.0
Sc3P2,0.0
TiP,0.0
TiP2,0.0
Ti2P,0
Ti5P3,0.0242
Ti4P3,0
Ti3P,0.0038
VP,0.0
V12P7,0
VP2,0.0094
V3P,0
CrP,0.0
CrP2,0.0
CrP4,0.0105
Cr3P,0
MnP,0.0
MnP4,0.4803
Mn2P,0
FeP,0.0
FeP4,0.8043
Fe2P,0
Fe3P,0
FeP2,0.4339
Co2P,0.0
CoP2,0.436
CoP,0.0
CoP3,0.2795
Ni12P5,0
Ni5P4,0
Ni3P,0.0
NiP2,0.1527
NiP3,0.0
CuP10,1.0585
CuP2,0.8635
Cu2P7,0.815
ZnP2,1.4617
Zn3P2,0.3144
GaP,1.5928
PSe,2.3204
PBr3,3.3243
PBr5,1.6183
PBr7,1.2227
Rb2P3,0.7644
Sr3P14,1.8254
SrP,0.4592
Sr3P4,0.9948
Sr3P2,0.3855
SrP3,0.3689
YP,0.0
YP5,0.134
ZrP2,0.0
Zr3P,0.0
Zr14P9,0.016
Zr7P4,0.0
ZrP,0.0
Nb2P,0.0
NbP,0.0
Nb7P4,0.0014
Nb3P,0.0
MoP2,0.0
Mo3P,0.0
MoP,0
MoP4,0.0478
Tc3P,0.0
TcP3,0.4488
Tc2P3,0.0
TcP4,0.9091
P3Ru,1.1446
P2Ru,0.475
PRu,0
PRu2,0.0108
P4Ru,1.2577
PRh2,0
P3Rh,0.0
P2Rh,0.3705
P2Pd,0.4579
PPd3,0.0
PPd6,0
P3Pd7,0.119
Ag3P11,0.9691
CdP2,1.4533
CdP2,1.5218
InP,0.4679
Sn4P3,0.0315
PI2,1.9267
PI3,2.2746
Cs3P7,2.3466
Cs2P3,0.8419
BaP10,1.2914
BaP3,0.5735
Ba3P14,1.8125
Ba3P4,0.4815
Ba4P3,0.7464
Ba5P4,0.9365
Ba5P9,0
Ba3P2,0.414
LaP,0.0
LaP2,0.558
LaP5,0.1095
LaP7,0.8671
CeP5,0.0
CeP,0
CeP2,0
PrP,0.0
PrP5,0.0
NdP5,0.0
NdP,0.0
SmP,0.0
SmP5,0.0169
EuP,0.0
GdP,0.0941
GdP5,0.0137
TbP,0.0
DyP,0.0
HoP,0.0
ErP,0.0
TmP,0.0
YbP,0
YbP5,0.3479
LuP,0
Hf3P,0.0
HfP,0.0
Hf2P,0.1387
Hf3P2,0.0
Ta5P3,0.0
Ta2P,0.0
Ta3P,0.0
PW,0.0
P2W,0.0
ReP4,0.7559
Re3P4,0.0027
Re2P,0.0
Re2P5,0.4831
P2Os,0.8149
P2Ir,0.7794
P3Ir,0.0834
PIr2,0
P2Pt,1.0223
P2Pt5,0.0209
P3Au2,0.0
TlP5,1.1813
ThP,0
Th3P4,0.2601
Pa3P4,0
UP,0.0021
UP2,0
U3P4,0
UP3,0
NpP,0.0
NpP3,0
PuP,0
SCl,2.8633
SCl2,2.0565
K2S,2.322
KS,1.469
K2S5,1.9299
K2S3,1.2855
CaS,2.378
ScS,0
Sc2S3,0.6433
Ti2S,0.0
TiS3,0.2285
TiS,0.0
TiS2,0.0
Ti7S12,0
VS4,0.9396
VS2,0.0
V3S4,0.0
V3S,0.0
V5S8,0.0
V5S4,0.0
Cr3S4,0.0
Cr2S3,0.0
MnS,0.0
FeS2,0.8732
FeS,0.0
Co9S8,0.0512
CoS2,0.0
Co3S4,0.0
Ni3S2,0.0
Ni3S4,0.0
Cu7S4,0.0
CuS,0.0
ZnS,2.0186
GaS,1.8818
Ga2S3,1.6981
GeS,1.2376
GeS2,2.2648
AsS,1.9426
As2S3,2.0878
SBr,2.2294
Rb2S,1.9641
Rb2S3,1.3218
RbS,1.5613
Rb2S5,1.9539
SrS,2.497
Y2S3,1.488
YS,0
Y5S7,0
ZrS3,1.363
ZrS2,1.0478
Zr9S2,0
ZrS,0
Zr3S4,0.0069
NbS2,0.0
Nb3S4,0
Nb21S8,0
Nb25S48,0
Nb3S5,0.0039
MoS2,1.2042
TcS2,1.1885
RuS2,0.6676
Rh2S3,0.1946
Rh3S4,0
Rh17S15,0.0265
PdS,0.0
PdS2,0.6036
Pd16S7,0.0
Pd4S,0.0
Pd3S,0
Ag2S,1.3608
CdS,1.1162
InS,1.3508
In2S3,0.8349
SnS2,1.5586
SnS,0.9055
Sb2S3,1.2828
CsS,1.7141
Cs2S,2.0957
BaS,2.1515
BaS2,1.5761
LaS,0
La10S19,0.7226
LaS2,0.6313
La2S3,1.0342
CeS2,0.0
CeS,0.0036
Ce2S3,0.0
PrS,0
PrS2,0.3434
Pr10S19,0.5101
Pr2S3,0.7775
NdS,0
Nd2S3,0.7596
Nd10S19,0.5009
Pm2S3,2.4211
Sm2S3,0.7441
SmS,0
Sm10S19,0.4965
EuS,0.0468
Gd2S3,0.0262
GdS,0.0
Gd10S19,0.01
Tb2S3,0.5791
TbS,0
Dy2S3,0.5938
DyS,0.0509
HoS,0
Ho2S3,1.4613
Er2S3,1.4612
ErS,0
TmS,0
Tm2S3,2.2738
YbS,2.2234
Lu2S3,2.5704
LuS,0.0502
Hf2S,0.0
HfS3,1.1326
TaS2,0.0
Ta3S2,0.0
TaS3,0.0286
Ta27S50,0.0094
WS2,1.5625
ReS2,1.4428
OsS2,0.0
IrS2,0.5312
Ir2S3,1.0711
PtS,0.3669
PtS2,1.5426
Au2S,1.9021
HgS,0.0
Tl2S,0.5886
PbS,0.4608
Bi2S3,1.3618
Ac2S3,2.2729
ThS,0.0
Th2S3,0.0
ThS2,1.0319
Th2S5,1.7022
Pa2S3,0
PaS3,0
US2,0.0
US,0.0
US3,0
U2S3,0.0033
U3S5,0.0048
NpS,0
Np2S3,0.0
PuS,0.0
PuS2,0.0
Pu2S3,0
KCl,5.027
CaCl2,5.3548
ScCl3,3.8723
Sc7Cl10,0.0818
Sc5Cl8,0.0013
TiCl3,0
TiCl4,3.4576
Ti7Cl16,0.0137
VCl2,1.2546
VCl4,0
VCl3,0.0
CrCl3,1.452
MnCl2,1.7923
FeCl2,0.0357
FeCl3,0.4308
CoCl2,0.1539
NiCl2,0.7567
CuCl,0.5612
CuCl2,0.0917
ZnCl2,4.0533
GaCl2,3.8516
GaCl3,4.2044
Ge3Cl8,0.0
GeCl4,4.1254
AsCl3,3.9873
AsCl5,1.4376
SeCl4,3.0467
BrCl,1.3235
RbCl,4.8393
SrCl2,5.2286
YCl3,4.9301
Y2Cl3,0.7587
ZrCl2,0.8481
ZrCl3,0.0
ZrCl,0.0
ZrCl4,3.6447
NbCl5,2.2205
Nb3Cl8,0.146
NbCl4,1.0769
Nb3Cl7,0.9765
MoCl2,2.4548
MoCl5,0
TcCl4,0.7829
RuCl3,0
RhCl3,1.5212
PdCl2,1.3705
AgCl,0.9539
Ag2Cl3,0
CdCl2,3.5214
InCl,2.1862
In5Cl9,2.9777
In7Cl9,2.1903
In2Cl3,2.4533
InCl3,3.0405
SnCl4,3.551
SnCl2,3.0724
SbCl5,1.8233
SbCl3,3.7419
TeCl4,3.1163
ICl,1.8269
ICl3,1.7688
CsCl,4.8492
BaCl2,5.4309
LaCl3,3.6454
CeCl3,0.0
PrCl3,4.3439
NdCl3,4.2998
PmCl3,3.5399
SmCl3,3.4912
EuCl2,1.2144
EuCl3,0.0
GdCl3,2.0054
Gd2Cl3,0.1209
TbCl3,4.5211
DyCl3,3.8943
HoCl3,3.7011
ErCl3,3.7739
TmCl3,4.917
YbCl2,5.3972
LuCl3,3.8453
HfCl4,4.1644
TaCl5,2.8237
Ta2Cl5,1.2195
WCl6,1.7484
WCl3,0.0
ReCl3,0.9625
ReCl5,0
OsCl4,0.5105
IrCl3,1.8911
PtCl2,1.8227
PtCl3,0.9911
AuCl,1.8679
AuCl2,0.8979
AuCl3,1.345
HgCl,2.7243
HgCl2,2.8686
TlCl,2.5365
Tl2Cl3,1.8789
TlCl2,2.2405
PbCl4,2.1115
PbCl2,3.2575
BiCl3,3.3547
Bi6Cl7,1.616
AcCl3,5.0859
ThCl4,3.6379
PaCl4,0.0158
PaCl5,2.4189
UCl3,0.0
UCl4,0.0
UCl6,1.5939
UCl5,0.3351
NpCl4,0.0
NpCl3,0.0118
PuCl3,0.0
PuCl2,0.1521
KZn13,0.1093
K2Ga3,0.2183
KGa3,0.2163
K3Ga13,0.0
KGe,0.9106
K4Ge23,0.0946
KAs,0.6695
K3As,0.1136
K3As11,1.4671
K3As7,1.5474
K2Se,2.0909
KSe,0.7039
K2Se3,0.633
K2Se5,0.9323
KBr,4.3102
KAg2,0.0
KCd13,0.0327
KIn4,0.0358
K8In11,0
K17In41,0.0803
K4Sn9,1.1221
KSn,0.7337
K4Sn23,0.0355
KSb2,0.2112
KSb,0.7523
K5Sb4,0.012
K3Sb,0.3936
KTe,0.6627
K2Te,2.1383
K2Te3,0.5694
KI,3.8513
CsK2,0.0123
K2Au3,0.0453
KAu5,0.0693
K2Hg7,0.0
KHg,0.0051
KHg2,0.0186
K5Hg7,0.0298
KHg11,0.1037
K49Tl108,0.0958
K8Tl11,0
KTl,0.1531
KPb2,0.0
KPb,0.3735
K5Pb24,0.0034
KBi2,0.0
K3Bi,0.025
KBi,0.4059
CaNi5,0.0
CaNi2,0.0461
CaCu5,0.0166
Ca2Cu,0.0192
CaCu,0
CaZn2,0.0
Ca5Zn3,0.0
CaZn,0.0
CaZn5,0.0
CaZn11,0.0313
CaGa,0.0
CaGa2,0.0962
Ca3Ga5,0.1049
Ca28Ga11,0
CaGa4,0.0137
CaGe,0.0
Ca2Ge,0.3147
Ca5Ge3,0.0055
CaGe2,0
Ca5As3,0.0
CaAs,0.0
Ca2As3,0.3204
CaAs3,0.0
CaSe,2.0767
CaBr2,4.5304
CaRh2,0
CaPd2,0.0
CaPd,0.0
CaPd5,0.0
Ca2Ag7,0.0
CaAg,0.0
Ca5Ag3,0.0321
CaAg2,0.0
CaCd2,0.0
Ca3Cd2,0.0
CaCd,0.0
CaIn2,0.0
CaIn,0.1143
Ca2In,0.0
CaSn3,0.0
Ca2Sn,0.0564
CaSn,0.0
Ca31Sn20,0.0212
CaSb2,0.0
Ca2Sb,0.0
Ca5Sb3,0.2412
Ca11Sb10,0.0
CaTe,1.5536
CaI2,3.8971
Ca5Ir,0.0
CaIr2,0
CaPt2,0.0225
CaPt5,0.0356
Ca3Au4,0.0
CaAu,0.0
CaAu2,0.0
Ca3Au,0.0
Ca5Au4,0.0
CaAu5,0
Ca5Au2,0.0038
Ca5Au3,0.0057
Ca7Au3,0.0135
Ca3Hg2,0.0
CaHg,0.0
CaHg2,0.0
CaHg3,0
CaTl3,0.0793
CaTl,0.0435
CaPb3,0.0
CaPb,0.0
Ca2Pb,0.4639
Ca5Bi3,0.0
Ca2Bi,0.0915
Ca11Bi10,0.0
ScMn2,0.0
ScFe2,0.0
ScCo2,0.0
Sc3Co,0.0
ScCo,0.0
ScNi2,0.0198
ScNi5,0
ScNi,0.1961
Sc2Ni,0.0323
ScCu,0.0459
ScZn2,0.0
ScZn,0.0393
ScZn12,0.0701
Sc3Zn17,0.0942
ScZn3,0
ScGa,0.0
ScGa2,0.0
Sc3Ga2,0.0
ScGa3,0.0
ScGe2,0.0
Sc5Ge3,0.0
ScGe,0.0
ScAs,0.0
Sc5As3,0.0
ScSe,0
Sc2Se3,0.8744
ScBr2,0
Sc3Tc,0
ScTc3,0
ScRu2,0
ScRu,0.0718
ScRh3,0.0
ScRh,0.0
Sc57Rh13,0.0385
ScPd3,0.0788
ScPd,0.2258
ScAg4,0.0108
ScAg,0.0
ScCd7,0.0
ScCd,0.044
ScCd3,0.0
ScIn3,0.2543
Sc3In,0.0
Sc2In,0.0036
Sc5Sn3,0.0
ScSn2,0.0289
ScSb,0.0
Sc2Sb,0.0
Sc8Te3,0.0046
ScTe,0
Sc2Te3,0.0208
Sc2Te,0.0021
Sc12I25,0.0012
Sc5Re24,0.0689
ScRe2,0.0
ScOs2,0
Sc11Os4,0.0
ScIr,0.0
Sc11Ir4,0.0
ScIr3,0.0
Sc2Pt,0.0
ScPt3,0.1011
ScPt,0.0625
ScAu,0.0
ScHg,0.0287
ScHg3,0.0461
Sc3Hg,0
Sc5Pb3,0.0
Sc6Pb5,0.0063
Sc5Bi3,0.0
ScBi,0.0
TiCr2,0.0
TiMn2,0.0
TiFe,0.0
TiFe2,0.0
TiCo,0.0061
TiCo3,0.0052
Ti2Ni,0.0138
TiNi,0.0
TiNi3,0.0
Ti2Cu,0.0148
TiCu,0.0
TiCu3,0.0229
Ti3Cu4,0.0038
TiZn3,0.0
TiZn2,0.008
Ti3Zn,0.0482
TiZn16,0.0214
Ti3Ga,0.0661
TiGa,0.066
TiGa3,0.0476
Ti2Ga,0.0292
Ti2Ga3,0.0346
TiGa2,0
Ti6Ge5,0.0
TiGe2,0
Ti5Ge3,0
TiAs2,0.0
TiAs,0.0
Ti4As3,0
Ti3Se4,0.0
Ti5Se4,0.0
Ti2Se,0
Ti45Se16,0
TiSe2,0.0
TiBr3,0.0152
TiBr4,2.7939
Ti7Br16,0.004
TiTc,0.2771
TiRu,0.0
TiRh,0.0121
TiRh3,0.0963
Ti3Rh5,0.0624
Ti2Pd,0.0
Ti3Pd5,0.07
Ti2Pd3,0.011
TiPd3,0.0
Ti2Cd,0.0105
Ti3In,0
Ti3Sn,0.0
Ti2Sn3,0.0
Ti2Sn,0.0157
Ti6Sn5,0.0292
Ti5Sn3,0.0
TiSb2,0.0
Ti3Sb,0.0
TiSb,0.0
Ti5Sb3,0.0
TiTe2,0.0
Ti3Te4,0.0014
Ti5Te4,0.0
TiI4,1.0867
TiI3,0.168
TiRe,0.0972
Ti5Re24,0.0231
TiOs,0.0
Ti3Ir,0.0
TiIr,0.0478
TiIr3,0.0187
Ti3Pt,0.0
Ti3Pt5,0.021
TiPt8,0.0084
TiPt3,0.0
Ti3Au,0.0
TiAu4,0.0048
Ti3Hg,0.0
Ti3Pb,0
Ti8Bi9,0.0042
Ti2Bi,0
U2Ti,0.0
MnV,0.0
MnV3,0
VFe,0.0165
VFe3,0.0043
V3Co,0.0096
VCo3,0.0105
VNi3,0.0074
VNi2,0.0035
V3Ni,0.0
VZn3,0.2267
V4Zn5,0.0112
V3Ga,0.006
V2Ga5,0.0545
V8Ga41,0.0086
V6Ga5,0
V3Ge,0.0
V17Ge31,0.0014
V5Ge3,0.0036
VAs,0.0
V3As,0.0
V2Se9,0.713
V3Se4,0.0024
VSe2,0
VBr3,0
VTc,0.0
VRu,0.0083
V3Ru,0
V3Rh,0.0198
VRh,0.0069
VRh3,0
VPd3,0.0048
VPd2,0.0067
V3Pd,0.0244
VSn2,0.0
V3Sn,0.1268
V3Sb,0.0
V5Te4,0
V3Te4,0.0024
VTe2,0.0024
VI3,0.3952
TaV2,0
V3Re,0
V3Os,0.0625
V3Ir,0.01
VIr,0
VIr3,0
VPt,0.0476
V3Pt,0.0
VPt2,0.0004
VPt3,0.0066
V3Au,0.006
CrNi2,0.0
Cr3Ga,0.0
Cr3Ge,0.0
CrAs,0.0
Cr2Se3,0.0
CrBr3,1.267
ZrCr2,0.0
NbCr2,0.0186
CrRh3,0.0108
CrPd3,0.0337
Cr2Te3,0.0
CrTe2,0
CrI2,0.0153
HfCr2,0.0313
TaCr2,0.0031
CrIr3,0.0528
CrPt3,0.0
MnNi3,0.0131
MnZn3,0.0319
Mn2Ga5,0.0
MnGa,0.0061
Mn11Ge8,0.0068
Mn3Ge,0
MnAs,0.0
MnSe,0.098
MnSe2,0.0
MnBr2,1.5958
ZrMn2,0.0
Mn2Nb,0.0
MnRu3,0
MnRh,0.0
MnPd,0.0449
MnPd3,0.0
Mn11Pd21,0.0
MnSb,0.0
MnTe2,0.0
MnI2,1.1707
DyMn12,0.022
HoMn12,0.0211
ErMn12,0.0023
HfMn2,0.0
TaMn2,0.0
MnIr,0.0215
Mn3Ir,0
MnIr3,0
MnPt3,0.0182
MnPt,0.015
MnAu2,0.0119
MnAu4,0.0076
UMn2,0
FeCo,0.038
Fe11Co5,0.0
Fe9Co7,0.0
FeNi,0.0043
FeNi3,0.0
Zn13Fe,0.0
Ga3Fe,0.2215
GaFe3,0.0
FeGe,0.0169
Fe3Ge,0.0026
FeAs,0.0
FeAs2,0.2802
FeSe,0.1294
FeSe2,0.3598
FeBr3,0.0
FeBr2,0.5377
YFe5,0.0365
YFe2,0.0
ZrFe2,0.0
Zr3Fe,0.0078
NbFe2,0
Fe7Mo6,0
FeRh,0.0579
FePd3,0.0
FeSb2,0.0
FeTe2,0.0753
FeI2,0
CeFe2,0.0
GdFe2,0.0109
TbFe2,0.0
TbFe3,0.0034
DyFe5,0
DyFe2,0.0
HoFe2,0.0
HoFe3,0.0147
ErFe2,0.0104
ErFe3,0
TmFe2,0.0
LuFe2,0.0204
Hf2Fe,0.0025
HfFe2,0.0
TaFe2,0
Fe2W,0.0
Fe2Re3,0.0004
Fe3Re,0
FePt,0.0
ThFe5,0.0
Th2Fe7,0.0036
Th7Fe3,0.0079
UFe2,0.0123
Zn13Co,0.0104
GaCo,0.0
Ga3Co,0.0
CoGe2,0.0
CoGe,0.0097
CoAs2,0.1739
CoAs3,0.0
CoAs,0.0
CoSe2,0.0
Co9Se8,0.0474
CoBr2,0.16
YCo3,0.0
YCo2,0.0011
YCo,0
Y2Co17,0
Y8Co5,0
Zr2Co,0.0
ZrCo2,0.0
ZrCo,0.013
Zr6Co23,0.008
Zr3Co,0.002
NbCo2,0.0
Nb6Co7,0.0081
Co3Mo,0.0
CoTc3,0
In3Co,0.0
CoSn,0.0499
CoSb3,0.1651
CoSb,0.0
CoTe2,0.0
Co19Te34,0.0029
La3Co,0.0196
LaCo13,0.004
La2Co3,0
CeCo2,0.0
PrCo5,0.0087
Pr3Co,0.0185
Nd2Co17,0.0024
Sm5Co2,0.0109
Sm2Co7,0.0
SmCo2,0.0058
GdCo2,0.0061
TbCo5,0.0
TbCo2,0.0024
Tb12Co7,0.0125
DyCo2,0.0
Dy12Co7,0.0037
DyCo3,0
Dy2Co17,0
Dy3Co,0.0
HoCo2,0.0
HoCo3,0.0123
Ho12Co7,0.001
Ho2Co17,0.0074
Ho3Co,0.0256
ErCo2,0.0
ErCo3,0
Er12Co7,0.0023
Er2Co17,0.0019
TmCo2,0.0058
YbCo2,0.0
LuCo2,0.0154
HfCo,0.0197
HfCo2,0.0037
Ta2Co,0.0
TaCo3,0.0
Co3W,0.0199
CoRe3,0
CoPt3,0.0075
CoPt,0.0141
Co3Pt,0
Th7Co3,0.0095
Th2Co17,0.0117
ThCo,0.0
PaCo3,0.056
UCo2,0.0165
NpCo2,0.0011
PuCo2,0.0031
Zn11Ni2,0.0
ZnNi,0.2508
Zn53Ni16,0
Ga7Ni3,0.0
GaNi3,0.1262
Ga9Ni13,0.0221
Ga3Ni2,0.0317
Ga3Ni5,0.0034
NiGe,0.0
Ni5Ge3,0
Ni3Ge,0.0
Ni11As8,0.0
Ni5As2,0.0413
NiAs2,0.0
NiSe2,0.0
Ni3Se4,0.0062
Ni3Se2,0
NiSe,0
NiBr2,0.0
YNi5,0.0096
YNi2,0.0152
Y3Ni2,0
YNi3,0
Y2Ni7,0
YNi,0.0273
Zr2Ni,0.0
ZrNi,0.0
Zr2Ni7,0.0
ZrNi3,0.0
NbNi3,0.0
Ni3Mo,0.0
Ni4Mo,0.0
Tc3Ni,0
InNi,0.0555
In3Ni2,0.0288
Ni3Sn4,0.0151
Ni3Sn2,0.0282
Ni3Sn,0.0
NiSb,0.0
NiSb2,0.0
Ni3Sb,0
Ni5Sb2,0.0
NiTe2,0.0
NiTe,0.0
Ni3Te2,0.0
NiI2,0.0
LaNi5,0.039
La2Ni3,0.0
La7Ni3,0.0
La7Ni16,0
La2Ni7,0.0033
CeNi3,0
CeNi5,0.0
CeNi2,0.0
CeNi,0.0
PrNi,0.0
PrNi5,0.0133
PrNi2,0.0
NdNi5,0.0188
NdNi2,0.0967
PmNi3,0
SmNi2,0.1388
SmNi5,0.0401
EuNi5,0.0064
GdNi5,0.0384
GdNi2,0.0
GdNi,0.0
Gd2Ni7,0
TbNi2,0.0121
Tb3Ni,0.0166
TbNi5,0.0085
TbNi,0.0038
Dy3Ni2,0.0
DyNi2,0.0698
DyNi5,0.0277
DyNi,0.0
Dy2Ni7,0
HoNi3,0.0067
HoNi2,0.0
HoNi5,0.0105
HoNi,0.0444
ErNi5,0.0131
ErNi3,0.0092
ErNi2,0.0
ErNi,0
TmNi,0.0
TmNi5,0.0092
TmNi2,0.0
YbNi5,0.0154
YbNi2,0.0
LuNi5,0.0018
LuNi2,0.0374
Hf2Ni,0.0
HfNi3,0.0304
Ta2Ni,0.0108
TaNi3,0
TaNi2,0.002
Ni4W,0.0085
Re3Ni,0
Ni3Pt,0.0
NiPt,0.0
NiBi3,0.0
Th7Ni3,0.0
ThNi5,0.009
ThNi,0.0147
Th2Ni7,0
ThNi2,0.0
PaNi3,0.0353
UNi5,0.0071
U11Ni16,0
PuNi3,0
PuNi5,0.0245
Zn8Cu5,0.0
Ga2Cu,0.1119
GaCu3,0
Cu3Ge,0.0
CuSe,0.0
Cu3Se2,0.1021
CuSe2,0.0
CuBr,0.4859
CuBr2,0.0029
SrCu5,0.0191
YCu,0.0
YCu5,0.0326
YCu2,0.0
Zr2Cu,0.0119
ZrCu5,0.044
Cu3Pd,0.0841
In7Cu10,0.0
In3Cu7,0.0058
CuSn,0.0
CuTe,0.0525
CuI,1.6308
BaCu,0.0
BaCu13,0.0188
LaCu5,0.0443
LaCu2,0.0783
LaCu6,0.0458
CeCu2,0.0003
CeCu6,0.0077
PrCu5,0.0512
NdCu,0.0
NdCu5,0.0054
NdCu2,0.0134
PmCu3,0
SmCu5,0.021
SmCu,0.1757
EuCu5,0.0396
GdCu5,0
GdCu,0.0
TbCu2,0.003
TbCu5,0.062
TbCu,0.0
DyCu,0.0
DyCu5,0.1103
HoCu,0.0
HoCu5,0.0
HoCu2,0.0035
ErCu,0.0
ErCu5,0.0859
TmCu,0.0
TmCu5,0.0737
YbCu,0.0
YbCu2,0
YbCu5,0.0775
LuCu5,0
Hf3Cu8,0.0209
Hf2Cu,0.0075
Cu3Pt,0.0243
CuPt7,0.0143
CuPt,0
Cu3Au,0.0
CuAu,0.0
ThCu6,0.0
ThCu2,0.0
ZnAs2,0.2249
Zn3As2,0.0757
ZnSe,1.1693
ZnBr2,3.2203
RbZn13,0.0864
SrZn,0.0131
SrZn5,0.0
SrZn11,0.0
SrZn2,0
SrZn13,0.0
Y2Zn17,0.0984
YZn12,0.0434
YZn3,0.057
YZn,0.1077
ZrZn,0.0
ZrZn2,0.0116
ZrZn22,0.0446
ZrZn3,0
NbZn3,0.4481
NbZn2,0.119
Zn7Mo,0.2105
Zn3Ru,0.0
Zn13Rh,0.0266
Zn11Rh2,0.0
ZnRh,0.2266
Zn3Rh,0.1194
ZnPd,0.0
Zn3Pd,0.1845
ZnPd3,0.0599
Zn8Ag5,0.1464
ZnAg3,0.0661
ZnSb,0.041
ZnTe,1.0787
ZnI2,2.9076
BaZn,0.0
BaZn5,0.0207
BaZn13,0.1746
LaZn5,0.0273
LaZn,0.0878
LaZn11,0
La2Zn17,0.0463
LaZn2,0
LaZn4,0
Ce2Zn17,0.0
CeZn11,0.0061
Ce13Zn58,0
CeZn2,0.0012
Ce3Zn22,0
Ce3Zn11,0
PrZn,0.1181
PrZn11,0
Pr13Zn58,0
Pr2Zn17,0.1024
NdZn,0.1584
Nd2Zn17,0.1024
NdZn5,0.0285
NdZn11,0.0401
NdZn2,0.012
PmZn3,0.1204
SmZn,0.0714
Sm2Zn17,0.1034
SmZn5,0
SmZn2,0.0084
EuZn,0.0322
EuZn5,0.0514
EuZn2,0.0035
Gd2Zn17,0
GdZn,0.0
TbZn,0.0454
Tb2Zn17,0
TbZn2,0.0019
DyZn,0.0966
DyZn3,0.0386
Dy2Zn17,0.1014
DyZn2,0
HoZn,0.1322
Ho2Zn17,0.1026
HoZn3,0.011
HoZn2,0.0163
ErZn,0.1139
ErZn12,0.0116
Er6Zn23,0.0681
Er2Zn17,0.1046
TmZn,0.0801
Tm2Zn17,0.0972
TmZn2,0
YbZn,0.0
YbZn2,0.0043
YbZn11,0.0363
LuZn,0.0623
Lu2Zn17,0.0859
HfZn2,0.015
HfZn3,0
TaZn2,0
Zn11Ir2,0.2003
Zn3Ir,0.3035
ZnPt,0.0
Zn49Pt29,0
ZnPt3,0.0243
Zn12Pt7,0.0501
Zn3Pt,0.2213
ZnAu,0.3547
ZnAu3,0
Zn3Au,0.2126
AcZn3,0
ThZn2,0.0
Th2Zn,0.0
Th2Zn17,0.0983
ThZn4,0.034
PaZn3,0.0576
U2Zn17,0
PuZn2,0.0
Pu3Zn22,0
GaAs,0.1887
Ga2Se3,1.0376
GaSe,1.2354
GaBr2,3.1591
GaBr3,3.3473
RbGa3,0.1472
RbGa7,0.0
SrGa2,0.0
SrGa4,0.0214
Sr8Ga7,0.0193
YGa6,0.0
YGa2,0.0839
Y5Ga3,0.0107
YGa,0.0
YGa3,0
ZrGa,0.0
Zr2Ga,0
Zr2Ga3,0.0673
Zr3Ga2,0.0582
ZrGa2,0.0242
ZrGa3,0.0181
NbGa3,0.0
Nb3Ga2,0.0
Nb5Ga13,0.0
GaMo3,0.0261
GaTc,0.0043
GaRu,0.0985
Ga3Ru,0.0741
GaRh,0.0
Ga9Rh2,0.0325
Ga17Rh10,0.0138
GaPd2,0.0
Ga5Pd13,0.017
Ga5Pd,0.0174
Ga3Pd5,0.0141
GaAg2,0.155
GaSb,0.0
GaTe,1.0066
Ga2Te5,0.957
Ga7Te10,0.8714
Ga2Te3,0.6375
GaI3,2.3617
Ga2I3,2.2814
GaI2,2.3766
CsGa3,0.2539
CsGa7,0.0496
BaGa2,0.0353
BaGa4,0.0
Ba8Ga7,0.011
LaGa2,0.0458
La5Ga3,0.0514
LaGa6,0.0031
CeGa6,0.0
Ce3Ga,0.0089
CeGa2,0.0
Ce5Ga3,0.0009
CeGa3,0
PrGa2,0.032
PrGa,0.0
PrGa3,0
NdGa,0.0
NdGa2,0.102
NdGa3,0
PmGa3,0
SmGa2,0.0957
Sm5Ga3,0.026
SmGa3,0
EuGa2,0.0
EuGa4,0.0002
Eu3Ga2,0
GdGa,0.0
GdGa2,0.0
GdGa3,0
TbGa,0.0
TbGa2,0.0748
TbGa3,0
DyGa2,0.0317
Dy5Ga3,0.0313
DyGa,0.0
DyGa3,0
HoGa2,0.0294
HoGa3,0
Ho5Ga3,0
ErGa2,0.0376
ErGa3,0.0
Er5Ga3,0.0
TmGa3,0.0
TmGa2,0.0
Tm3Ga5,0.0084
YbGa2,0.0
YbGa,0.0963
YbGa4,0.041
LuGa3,0.2206
HfGa3,0.0508
HfGa,0.0
Hf2Ga3,0.0
HfGa2,0.0
Hf5Ga3,0.035
Hf2Ga,0.0
TaGa3,0.0
Ta3Ga2,0.0
Ga3Os,0.6734
Ga9Ir2,0.0
GaIr,0.0
Ga2Ir,0.0058
Ga2Pt,0.0
Ga3Pt2,0.161
Ga3Pt5,0.0379
GaPt3,0.1525
GaPt2,0.0925
Ga2Au,0.0558
GaAu,0.1004
GaAu2,0.0245
AcGa3,0.0414
Th2Ga,0.0
ThGa,0.0289
ThGa2,0.0
ThGa3,0
PaGa3,0.0609
UGa3,0.0132
NpGa3,0.0
PuGa2,0.0
PuGa3,0.0177
PuGa,0.0
GeAs,0.7289
GeAs2,0.7097
GeSe,0.8988
GeSe2,1.4381
GeBr2,2.7908
GeBr4,2.9647
RbGe,1.015
SrGe,0.0
Sr2Ge,0.3776
SrGe2,0.0
Y5Ge4,0.0
Y3Ge4,0.0
Y5Ge3,0
Y3Ge5,0
YGe,0.0
ZrGe2,0.0
Zr5Ge3,0
NbGe2,0
Nb5Ge3,0.0
Ge2Mo,0.0
GeMo3,0.0297
Ge3Ru2,0.3814
GeRh,0.0285
GeRh2,0.0
GePd2,0.0
GePd,0.0
Ge8Pd21,0
GeTe,0.7469
GeI2,2.022
GeI4,1.996
CsGe,1.3383
BaGe2,0.5255
Ba3Ge4,0.0
Ba2Ge,0.3086
BaGe,0.0
LaGe,0.026
La6Ge11,0.0608
CeGe2,0.0
Ce5Ge3,0.0016
PrGe,0.0
Pr4Ge3,0.0
Pr4Ge7,0.084
NdGe,0.0
Nd4Ge7,0.0
Nd5Ge3,0.0
Nd5Ge4,0.0
Nd3Ge5,0
Pm3Ge,0.0328
Sm3Ge5,0.0
Sm5Ge4,0
EuGe2,0.0279
EuGe,0.0
GdGe,0.0091
TbGe,0.0
Tb5Ge4,0
Tb3Ge5,0
Tb5Ge3,0
Dy3Ge4,0.0
Dy3Ge5,0.006
DyGe,0.0
Ho11Ge10,0.0
Ho3Ge5,0.0
Ho14Ge23,0.0137
HoGe,0
Ho3Ge4,0.0
Er3Ge4,0.0
ErGe,0.0
Er5Ge3,0.0
TmGe2,0.0
Yb3Ge5,0.0
Yb2Ge,0.0382
Yb5Ge4,0.025
Yb3Ge8,0
Hf5Ge4,0.0
Hf5Ge3,0
HfGe2,0.0
Hf2Ge,0.0
TaGe2,0
Ta5Ge3,0.0
Ta3Ge,0.0258
Re3Ge7,0.0152
Ge2Os,0.0
Ge5Ir4,0.1279
GeIr,0.0
Ge7Ir3,0.1343
Ge2Pt3,0.0
Ge3Pt2,0.0
GePt,0.0
GePt3,0.1043
AcGe3,0
Th3Ge2,0.0
ThGe,0.0
Th2Ge,0.0
ThGe2,0
PaGe3,0
Pa3Ge,0
UGe3,0.0
NpGe3,0.0203
PuGe3,0.0
Pu3Ge,0.0
As2Se3,1.4598
AsBr3,3.1271
RbAs,0.5851
Rb2As3,0.4651
Rb3As7,1.576
Rb3As11,1.4693
Rb3As,0.2825
Sr5As3,0.0
SrAs,0.0134
Sr3As4,0.7953
Sr4As3,0.5853
SrAs3,0.0
YAs,0.0
ZrAs,0.0
ZrAs2,0.0
NbAs2,0.0275
NbAs,0.0
Nb3As,0.0
Nb5As3,0.0
Mo5As4,0.0
MoAs2,0.0
Mo2As3,0.0
Tc2As3,0.0
As2Ru,0.4492
As3Rh,0.0
AsRh2,0.0314
As2Rh,0.3368
AsPd2,0.0
As2Pd,0.0
AsPd5,0
CdAs2,0.1511
Cd3As2,0.4139
InAs,0.0
Sn4As3,0
Te3As2,0.4367
AsI3,2.2375
Cs3As7,1.6303
Cs3As,0.0
Cs2As3,0.4858
Cs3As11,1.3912
BaAs2,0.4149
BaAs3,0
Ba3As14,1.1763
Ba20As13,0
LaAs,0.0
LaAs2,0.5974
CeAs,0
PrAs,0.0
NdAs,0.0
SmAs,0.0
Eu4As3,0.0
Eu3As4,0
GdAs,0.107
TbAs,0.0
DyAs,0.0
HoAs,0.0
ErAs,0.0
TmAs,0.0
Yb4As3,0.0
LuAs,0
HfAs,0.0
HfAs2,0.0
Hf3As,0.0
TaAs2,0.0
Ta5As4,0
TaAs,0.0
Ta3As,0.0022
As3W2,0.0054
Re3As7,0
As2Os,0.6546
As3Ir,0.7872
As2Ir,0.8137
As2Pt,0.0802
ThAs,0
ThAs2,0.0
Th3As4,0.3988
PaAs2,0.0
PaAs,0
Pa3As4,0
UAs2,0.0
UAs,0
U3As4,0
NpAs,0.0
NpAs2,0.0077
Np3As4,0.0002
PuAs,0
SeBr4,2.206
Rb2Se3,0.6706
RbSe,0.912
Rb2Se,1.7968
Rb2Se5,0.0662
SrSe,2.231
YSe,0
Y3Se4,0.0198
Y2Se3,1.5547
Zr2Se,0.0495
ZrSe2,0.331
ZrSe3,0.7439
NbSe3,0.0
Nb2Se9,0.7637
NbSe2,0.0
Nb3Se4,0.0
Nb2Se,0.0007
MoSe2,1.4177
RuSe2,0.3114
RhSe2,0
Rh3Se8,0
Pd17Se15,0.0866
PdSe2,0.5105
PdSe,0.0
Pd7Se4,0.0
Pd4Se,0.0
Ag2Se,0.0
CdSe,0.5101
InSe,0.5365
In2Se3,0.9903
SnSe,0.5159
SnSe2,0.7018
Sb2Se3,0.7564
Cs2Se5,1.0177
Cs2Se3,0.7396
Cs2Se,1.8845
BaSe2,0.7137
BaSe,1.949
LaSe,0
LaSe2,0.2387
La10Se19,0.575
La2Se3,1.539
CeSe,0.0
CeSe2,0
Ce3Se4,0.0104
Ce2Se3,0.000100000000001
PrSe,0
Pr10Se19,0.3177
Pr2Se3,1.4256
Pr27Se40,0
PrSe2,0.0
NdSe,0
Nd10Se19,0.2941
Nd2Se3,1.4285
Sm2Se3,0.3125
SmSe,0.0
Sm10Se19,0.2701
EuSe,0.0533
Gd3Se4,0.0034
GdSe,0.0
TbSe,0
Tb2Se3,0.3404
Dy2Se3,0.3633
DySe,0
Dy6Se11,0.5317
Ho2Se3,0.7867
HoSe,0
ErSe,0
Er2Se3,0.7923
TmSe,0
Tm2Se3,1.6558
Tm23Se32,0
YbSe,1.9621
LuSe,0
Lu2Se3,1.7496
HfSe3,0.3171
Hf23Se25,0.0393
Ta2Se,0.0
TaSe2,0.0
TaSe3,0.0
WSe2,1.4465
ReSe2,1.1434
OsSe2,0.0
IrSe2,0.05
Ir3Se8,0
PtSe2,0.8274
Pt5Se4,0.0167
AuSe,0.2624
HgSe,0.0
TlSe,0.198
Tl5Se3,0.0
PbSe,0.431
Bi2Se3,0.4356
AcSe3,0
ThSe,0.0
ThSe2,0.6305
Th2Se5,0.7171
PaSe3,0
USe,0.0
U11Se20,0
U2Se3,0.0
USe3,0.0
NpSe,0
Np3Se4,0
Np2Se3,0.000100000000002
PuSe,0.0
Pu2Se3,0.0035
RbBr,4.1927
SrBr2,4.4697
YBr3,3.9765
ZrBr3,0.0
ZrBr,0.0
NbBr5,1.5583
Nb3Br8,0.061
MoBr3,0.6926
MoBr2,2.138
TcBr4,0.6025
TcBr3,0.1628
RuBr3,0.0
RhBr3,1.2551
PdBr2,0.8979
AgBr,1.1709
CdBr2,2.938
InBr,1.2575
InBr3,2.489
InBr2,2.4137
In2Br3,2.1261
SnBr2,2.5388
SnBr4,2.7003
SbBr3,3.113
Te2Br,0.6563
TeBr2,0.6529
IBr,1.4023
CsBr,4.2579
CsBr3,2.1967
BaBr2,4.3731
LaBr3,2.9248
La2Br5,0.2966
CeBr3,0.0893
PrBr3,3.4284
Pr2Br5,0.2824
NdBr3,2.9211
PmBr3,2.8751
SmBr3,2.9285
EuBr2,1.0458
GdBr3,2.1414
TbBr3,2.8564
DyBr3,3.0029
TmBr3,2.9866
YbBr2,4.4989
LuBr3,3.0669
HfBr3,0.0187
TaBr5,2.0283
Ta2Br5,1.223
Ta3Br7,1.2286
WBr2,2.4687
WBr6,1.0698
OsBr4,0.0
IrBr3,1.5565
PtBr3,0.9518
AuBr,1.6885
AuBr3,0.7908
HgBr,2.2557
HgBr2,2.5412
TlBr,2.2965
TlBr2,1.7922
PbBr2,2.6707
BiBr3,2.8714
AcBr3,4.1045
ThBr4,2.8181
PaBr4,0.0412
PaBr5,1.9592
UBr5,0.2927
UBr3,0.0
UBr4,0.0
NpBr3,0.0
PuBr3,0.0
PuBr2,0.0159
RbCd13,0.0572
RbIn4,0.0104
Rb8In11,0
RbSn,0.7438
RbSb,0.5411
RbSb2,0.2653
Rb3Sb,0.0897
Rb2Te,1.8843
RbTe,0.4282
Rb2Te3,0.6637
Rb2Te5,0.2282
RbI,3.777
RbI3,1.8571
RbAu,0.3714
RbAu5,0.0524
Rb2Au3,0.0166
Rb3Au7,0.0094
Rb2Hg7,0.0
Rb5Hg19,0.0167
RbHg2,0.0
Rb15Hg16,0.0
RbHg11,0.0745
Rb8Tl11,0.0
RbPb,0.405
Rb4Pb9,0.0105
RbBi2,0.0
RbBi,0.3777
Rb3Bi,0.0
SrRh2,0.0
SrPd2,0.0
SrPd5,0.0859
SrAg,0.0
SrAg2,0.0
Sr3Ag2,0.0015
SrAg5,0.0347
SrCd2,0.0
SrCd,0.0
SrCd11,0
SrIn,0.0
SrIn2,0.0
Sr3In11,0
SrIn4,0
Sr28In11,0.0049
SrSn3,0.0
Sr3Sn5,0.0594
Sr2Sn,0.1557
SrSn,0.0
SrSb2,0.0
Sr5Sb3,0.0
Sr2Sb3,0.1323
Sr11Sb10,0
SrTe,1.7623
SrI2,3.802
SrIr2,0.024
Sr7Pt3,0.0
SrPt5,0
SrPt2,0.0146
SrAu2,0.0
SrAu5,0.0296
SrAu,0.0057
Sr3Au2,0.0118
Sr7Au3,0.0104
Sr3Hg2,0.0
SrHg,0.0
SrHg2,0
SrTl,0.1809
SrTl2,0.0276
Sr2Pb,0.009
SrPb3,0.0
SrPb,0.009
SrBi3,0.0875
Sr4Bi3,0.0
Sr5Bi3,0.0123
Sr11Bi10,0.0148
Sr2Bi3,0.0311
YRu2,0
YRh,0.0
YRh2,0.0337
YPd3,0.0483
YAg,0.0
YCd,0.0477
YCd3,0.0071
YCd2,0.0181
YIn3,0.0
YIn,0.0
Y2In,0.0083
YSn2,0.0
Y5Sn3,0
YSb,0.0
Y4Sb3,0.0503
YTe,0.0898
YI3,3.0417
YRe2,0
YOs2,0
YIr,0.0
YIr2,0.0469
Y3Pt,0.0
Y5Pt4,0.0
YPt3,0.0612
YPt2,0.0346
YAu,0.0
YHg,0.0096
YHg3,0.0769
YTl3,0.0
YTl,0.0
YPb3,0.0558
YPb2,0.0
Y5Bi3,0.0
YBi,0.0
ZrMo2,0.0617
ZrRu,0.0
Zr3Rh5,0.0
ZrRh,0.0297
Zr2Rh,0.0125
ZrRh3,0.0149
ZrPd,0.0
Zr2Pd,0.0107
ZrPd3,0.0632
ZrAg,0.0
Zr2Ag,0.0173
ZrCd3,0.0
Zr3In,0.0155
ZrIn3,0
ZrIn2,0.0
Zr5Sn4,0.0
Zr5Sn3,0.0145
ZrSn2,0.0
ZrSb2,0.1226
Zr5Sb3,0.0
ZrSb,0.0
Zr7Sb4,0.0032
Zr2Sb,0.0
ZrTe3,0.0
ZrTe5,0.0443
Zr5Te4,0.0
ZrTe,0.0
Zr3Te,0
Zr5Te6,0.0051
ZrI3,0.0747
ZrI4,2.0134
ZrI2,0.4201
ZrW2,0.0244
Zr5Re24,0.0
ZrRe2,0.0087
Zr21Re25,0
ZrOs,0.0
ZrOs2,0
ZrIr3,0.0581
ZrIr,0
Zr3Ir,0.0114
Zr5Ir3,0.0155
ZrPt3,0.1422
Zr9Pt11,0.0038
Zr3Au,0.0
Zr2Au,0.0023
ZrAu4,0.0272
Zr3Hg,0.0
ZrHg,0.0
Zr5Pb3,0.000299999999999
ZrBi2,0.0
ZrBi,0.0
NbRu,0.0653
NbRu3,0.066
Nb3Rh,0.0612
NbRh,0.0
NbRh3,0.0
NbPd3,0.0339
NbSn2,0.0
Nb3Sn,0.0
NbSb2,0.0
Nb3Sb,0.0
Nb5Sb4,0
Nb5Te4,0.0055
NbTe2,0.0008
NbTe4,0.0589
Nb3Te4,0.0
NbI5,0.9145
Nb6I11,0.2782
NbI4,0.4901
Nb3I8,0.1052
Nb3Os,0.0
NbIr3,0.0
NbIr,0.0
Nb3Ir,0.0
NbPt3,0.0
Nb3Pt,0.0
NbPt2,0.0053
Nb3Au2,0.0121
NbAu2,0.0345
MoRh3,0.0
MoRh,0.083
Sb7Mo3,0.0
Te4Mo3,0.0
Te2Mo,0.9657
HfMo2,0.0
Re24Mo5,0.0
MoIr3,0.0
MoIr,0.0
MoPt2,0.0
TcRu3,0
Tc3Ru,0
TcRh3,0
Tc3Rh,0
Tc3Pd,0
HfTc,0.2196
TaTc,0.0
TcOs3,0
Tc3Os,0
Tc3Ir,0
TcIr3,0
Tc3Pt,0
In3Ru,0.2079
Sn7Ru3,0.0
Sn3Ru2,0.0407
Sb2Ru,0.0081
Te2Ru,0.283
LaRu2,0.0183
Ce4Ru3,0.0
CeRu2,0.0
Ce16Ru9,0
Ce7Ru3,0.0015
PrRu2,0.0453
NdRu2,0.0479
SmRu2,0.0247
GdRu2,0.0337
Dy5Ru2,0.0011
Er3Ru2,0.0
ErRu2,0
LuRu2,0
LuRu,0.106
HfRu,0.0
TaRu,0.034
TaRu3,0.1938
Ru3W,0
ReRu3,0
Ru3Ir,0
ThRu,0.0
Th7Ru3,0
URu3,0.0
In3Rh,0.0
InRh,0.2204
Sn2Rh,0.0
SnRh,0.0
SnRh2,0.0
Sb3Rh,0.0
Sb2Rh,0.074
SbRh,0.0
SbRh2,0.0
Te2Rh,0.0
Te8Rh3,0
Te2Rh3,0.0
TeRh,0.0
RhI2,0
BaRh2,0
La4Rh3,0.0324
LaRh2,0.0
CeRh3,0.027
Ce5Rh4,0.0
CeRh2,0.0053
PrRh2,0.019
NdRh2,0.0
NdRh3,0
PmRh3,0.0909
SmRh,0.0
SmRh2,0.0
Sm3Rh2,0.002
EuRh2,0.0154
GdRh,0.1707
GdRh2,0.0279
TbRh2,0.0
TbRh,0.0
DyRh,0.0
DyRh2,0.0498
HoRh,0.0
HoRh2,0.0
Ho5Rh3,0.0238
ErRh,0.0
ErRh2,0.0428
Er7Rh3,0.0
Er3Rh,0.0
TmRh,0.0
TmRh2,0.0125
YbRh,0.1669
YbRh2,0.0
LuRh2,0.0521
LuRh,0.2765
Lu5Rh3,0
LuRh3,0.0837
HfRh3,0.0371
HfRh,0.1252
Hf3Rh5,0.0056
TaRh3,0.0
Rh3W,0.0097
ReRh3,0
Ir3Rh,0.0022
Hg2Rh,0.0793
RhPb2,0.0408
Rh4Pb5,0
RhPb,0.0385
Bi2Rh,0.018
Bi4Rh,0.0212
ThRh,0.0
ThRh2,0.0
ThRh3,0.0605
Th7Rh3,0.0239
PaRh3,0.0228
URh3,0.0042
NpRh3,0.0
Pu5Rh4,0.0032
CdPd,0.0
Cd85Pd27,0
CdPd3,0.0997
In7Pd3,0.0
InPd3,0.0971
InPd2,0.0184
In3Pd2,0.036
In3Pd5,0.017
Sn4Pd,0.0
SnPd,0.0
SnPd3,0.0
SnPd2,0.0476
Sn2Pd,0.0097
SbPd,0.0
Sb2Pd,0.0
Sb3Pd8,0.0104
SbPd2,0.017
Sb7Pd20,0.0927
Sb2Pd5,0
Te2Pd,0.0
TePd,0.0
Te3Pd13,0.0
Te7Pd20,0.0305
Te4Pd9,0.0044
PdI2,0.9334
BaPd5,0.0
BaPd2,0.0455
LaPd3,0.0402
LaPd5,0.0182
CePd3,0.0
PrPd3,0.0709
NdPd3,0.0802
PmPd3,0.0411
SmPd,0.0
SmPd3,0.0242
Sm10Pd21,0.0029
EuPd2,0.0128
GdPd3,0.0746
GdPd,0.0045
TbPd3,0.0665
DyPd,0.3043
DyPd3,0.0783
Dy3Pd2,0.0
HoPd3,0.0869
HoPd,0.3345
Ho3Pd2,0.0
ErPd,0.364
ErPd3,0.0505
Er3Pd2,0.0
TmPd3,0.0143
TmPd,0.3983
YbPd3,0.0
YbPd,0.0
LuPd3,0.1065
LuPd,0.4143
HfPd3,0.0
Hf2Pd,0.0
HfPd5,0
TaPd2,0.0224
TaPd3,0.0261
Re3Pd,0
HgPd,0.0
HgPd3,0.1082
Tl2Pd,0.0047
Tl9Pd13,0.014
TlPd3,0.1382
Pd3Pb,0.0
PdPb2,0.0135
BiPd,0.0
Bi2Pd,0.0
BiPd3,0.0449
Bi2Pd5,0.0025
Th2Pd,0.0
ThPd3,0
ThPd,0.0224
PaPd3,0
UPd3,0.000400000000001
NpPd3,0.007
PuPd3,0.0
Pu3Pd5,0
Pu3Pd4,0.0017
Cd8Ag5,0
CdAg3,0
In4Ag9,0.0
In2Ag,0.0
InAg3,0.0
Ag3Sn,0.0
Ag2Te,0.0
AgI,1.3678
BaAg5,0.0539
BaAg,0.0809
BaAg2,0.0
LaAg,0
CeAg,0.0014
CeAg3,0
PrAg,0.0
PrAg2,0
NdAg,0.0
NdAg2,0
PmAg3,0.0119
SmAg,0.0
SmAg3,0
EuAg5,0.0414
Eu3Ag2,0.0172
EuAg,0.0045
EuAg2,0.0124
GdAg,0.0106
GdAg2,0.0003
TbAg,0.0
TbAg2,0.0503
DyAg2,0.0383
DyAg,0.0
HoAg,0.0
HoAg2,0.0886
ErAg,0.0
ErAg2,0.0126
TmAg,0.0
TmAg2,0.0428
Yb2Ag7,0
YbAg,0
Yb3Ag2,0.0006
Yb5Ag3,0
YbAg2,0
LuAg4,0
Hf2Ag,0.01
HfAg,0.0
AgAu3,0.0
AcAg,0
AcAg3,0
ThAg2,0.0
CdSb,0.3455
CdTe,0.5894
CdI2,2.4049
CsCd13,0.0334
Ba2Cd,0.0
BaCd,0.0
BaCd11,0.0372
BaCd2,0.0
LaCd,0.0111
La2Cd17,0.0631
La13Cd58,0.0617
LaCd2,0.0332
CeCd3,0.0012
CeCd2,0
CeCd11,0.0
PrCd,0.0776
Pr13Cd58,0.056
PrCd2,0.0446
PrCd3,0
NdCd,0.0367
Nd13Cd58,0
PmCd3,0
SmCd,0.0201
Sm11Cd45,0.0288
SmCd2,0.0192
SmCd3,0.0103
EuCd2,0.0029
EuCd,0
EuCd11,0
GdCd3,0.0043
GdCd,0.0
GdCd2,0.0
TbCd,0.0711
TbCd2,0.0704
TbCd3,0
DyCd2,0.0394
DyCd3,0.0
DyCd,0.0182
HoCd2,0.0258
HoCd,0.0451
HoCd3,0.0
ErCd2,0.0041
ErCd,0.0242
ErCd3,0.0179
TmCd,0.054
TmCd3,0.0066
TmCd2,0.0338
YbCd,0.0
YbCd6,0.0186
YbCd3,0
LuCd,0.0434
LuCd3,0.0068
LuCd2,0
CdPt,0.0
CdPt3,0
CdAu,0.0357
Cd3Au,0.0972
Cd5Au3,0.0079
CdAu3,0
AcCd3,0
ThCd2,0.0
InSb,0.0
In4Te3,0.1224
In2Te5,1.0411
In7Te10,0.8151
InI,1.3414
InI2,1.7863
InI3,2.2746
Cs2In3,0.0237
CsIn3,0.0679
BaIn2,0.0
BaIn,0.0
BaIn4,0.0
La3In,0.0
LaIn3,0.0
LaIn,0.2257
LaIn2,0.0235
CeIn3,0.0162
Ce3In,0.0043
PrIn3,0.0
Pr3In,0.0
PrIn,0.1641
Nd3In,0.079
NdIn3,0.1074
Nd2In,0.006
PmIn3,0.0128
Sm3In,0.0061
Sm2In,0.0023
SmIn,0.1233
SmIn3,0.1932
EuIn2,0.0
GdIn,0.0034
GdIn3,0.0272
Gd2In,0
TbIn3,0.2494
Tb2In,0.0025
DyIn,0.0
DyIn3,0.0
Dy2In,0.0015
Dy5In3,0
Dy3In,0.0223
Ho2In,0.0
HoIn,0.0
HoIn3,0.2431
ErIn,0.0
ErIn3,0.2286
Er2In,0.0003
TmIn3,0.0
TmIn,0.0
Tm2In,0.000999999999999
YbIn,0.1023
YbIn3,0.093
Yb8In3,0
YbIn2,0
LuIn3,0.0
Lu2In,0.0
Hf2In5,0.0
In3Ir,0.0
In2Ir,0.0
In2Pt,0.0
InPt3,0.0484
In2Pt3,0.0921
In3Au10,0.0325
In2Au,0.0459
In3Au7,0
InAu3,0
InHg,0.1531
In2Bi,0.0
AcIn3,0
Th2In,0.0
ThIn3,0.0408
PaIn3,0.0134
UIn3,0.0149
NpIn3,0.0
PuIn,0.0032
PuIn3,0.0055
SnTe,0.0428
SnI4,2.0284
SnI2,1.7061
Cs4Sn23,0.0
CsSn,1.1371
Ba2Sn,0.0
BaSn2,0.0
Ba3Sn5,0.0266
BaSn,0.0082
BaSn3,0.0732
LaSn3,0.0816
La5Sn3,0.000299999999999
La3Sn,0.0191
La5Sn4,0.0123
CeSn3,0.0
Ce2Sn5,0.0
Ce5Sn4,0.0009
Ce3Sn,0.0
Ce3Sn7,0.0
Ce5Sn3,0.0
PrSn3,0.0431
Pr5Sn3,0
NdSn2,0.0
Nd5Sn3,0.0
Nd2Sn3,0.0
NdSn3,0.0451
Nd5Sn4,0
Pm3Sn,0.112
PmSn3,0.2287
SmSn3,0.0476
Sm4Sn3,0.0248
EuSn,0
EuSn3,0.1057
Eu3Sn,0
GdSn3,0.0478
TbSn3,0.042
Dy5Sn11,0
DySn2,0.0
Dy5Sn3,0.0133
Dy11Sn10,0.0017
Dy2Sn5,0
HoSn3,0.0612
Ho5Sn3,0.0175
Er5Sn3,0.0
ErSn2,0.0
YbSn,0.0
YbSn3,0.0
Yb2Sn,0.0198
Hf5Sn4,0.0
Hf5Sn3,0.0
Ta3Sn,0.0897
TaSn2,0
Sn2Ir,0.0918
SnIr,0.0
Sn4Ir,0.0
Sn4Pt,0.0
SnPt,0.0
Sn2Pt,0.0648
SnPt3,0.1164
Sn3Pt2,0
SnAu,0.0
Sn2Au,0.0131
Ac3Sn,0
ThSn2,0.0
ThSn3,0.0
Th5Sn4,0.0277
USn3,0.0
NpSn3,0.04
Pu3Sn,0.0
Sb2Te3,0.155
Sb16Te3,0
SbI3,2.1446
CsSb,0.5556
Cs3Sb,0.6137
Cs5Sb8,0.5847
BaSb3,0.0
BaSb2,0.0
Ba2Sb3,0.2851
Ba5Sb3,0.0772
Ba5Sb4,0.4347
La2Sb,0.0
LaSb,0.0295
La4Sb3,0.0
CeSb,0
Ce2Sb,0.0
PrSb,0.0
Pr4Sb3,0
NdSb,0.0
Nd2Sb,0.0
Nd4Sb3,0
SmSb2,0.0
SmSb,0.0
Sm4Sb3,0
EuSb2,0.0
GdSb,0.0011
Gd4Sb3,0.002
TbSb,0.0
Tb5Sb3,0
DySb,0.0
Dy4Sb3,0
Ho5Sb3,0.0
HoSb,0.0
ErSb,0.0
Er5Sb3,0.0
Tm5Sb3,0.0
TmSb,0.0
Yb5Sb3,0.0
YbSb2,0
Yb4Sb3,0.0
Yb11Sb10,0
Lu5Sb3,0.0
LuSb,0.1487
HfSb2,0.0
Hf5Sb3,0.0
HfSb,0.0
Hf3Sb,0
Ta3Sb,0.0
Ta5Sb4,0
TaSb2,0.0
Sb2Os,0.3434
Sb3Ir,0.054
Sb2Ir,0.487
SbPt,0.0
Sb2Pt,0.0
Sb2Pt3,0.0183
Sb2Au,0.0
Tl7Sb2,0.1219
Th3Sb4,0.0385
ThSb2,0.0
ThSb,0
Pa3Sb4,0.0061
Pa3Sb,0
U3Sb4,0.0
USb2,0.0
NpSb,0.0
PuSb,0
Te2I,0.6558
TeI,0.7163
TeI4,1.7639
Cs2Te,1.774
CsTe,1.1129
Cs2Te13,0.4802
Cs2Te3,0.6369
BaTe,1.593
LaTe,0
La3Te4,0
La2Te3,0.9992
LaTe2,0.1135
CeTe2,0.0
CeTe3,0
Ce3Te4,0.0188
CeTe,0.0
Ce2Te3,0.0019
PrTe,0
PrTe3,0.0589
Pr2Te3,0.8828
NdTe,0
NdTe2,0.0
Nd2Te5,0.0974
NdTe3,0.0532
Nd2Te3,0.1745
SmTe3,0.0
SmTe,0
Sm2Te3,0.9168
EuTe,0.1028
GdTe,0.0
Tb5Te9,0.2567
TbTe,0.0209
DyTe,0
Dy2Te,0.0068
HoTe,0
ErTe,0
Er2Te3,0.0521
TmTe,0
YbTe,1.4688
LuTe,0
Lu8Te,0.0
Lu11Te4,0
HfTe5,0.0012
Hf5Te4,0
HfTe2,0.0494
Hf3Te2,0.0
Ta2Te3,0.0
TaTe2,0
Ta21Te13,0.0112
TaTe4,0.1699
Te2W,0.0
Re2Te5,0.0588
Te2Os,0.0
Te2Ir,0.0053
Te2Pt,0.0
Te4Pt3,0.0
Te3Pt2,0.0
TePt,0.0
Te2Au,0.0
HgTe,0.0
Tl2Te3,0.7327
Tl2Te,0.6483
TlTe,0.0
TePb,0.8072
Bi2Te3,0.3312
Bi4Te3,0.0
Bi8Te9,0.075
AcTe3,0.0786
ThTe,0.0
Th7Te12,0
Pa3Te,0.0221
PaTe3,0
U2Te5,0.0
UTe5,0.0
U3Te5,0.0023
U2Te3,0.0022
UTe3,0.0
UTe2,0.0
Np3Te4,9.99999999998e-05
PuTe,0.0
Pu2Te3,0.000300000000001
CsI3,1.8986
CsI,3.8572
CsI4,1.7777
BaI2,3.4525
LaI3,2.0643
LaI2,0.3338
LaI,0.0
La2I5,0.1772
Pr2I5,0.1302
PrI3,1.9521
PrI2,0.0
NdI2,0.3183
NdI3,2.0128
PmI3,2.0675
SmI3,2.0143
EuI2,1.309
TbI3,2.0929
DyI3,2.1725
HoI3,2.2173
ErI3,2.0376
TmI3,2.2545
YbI2,4.007
LuI3,2.1804
HfI4,2.3528
HfI3,0
TaI5,1.1727
Ta3I7,0.8864
ReI3,0.947
PtI2,1.2251
Pt3I8,0.707
PtI4,0.6934
AuI,2.0853
HgI,1.6513
HgI2,1.4602
TlI,2.2086
TlI3,1.6813
PbI2,2.4224
BiI3,2.5339
AcI3,2.5886
ThI3,0.0
ThI4,1.8297
PaI3,0.0461
UI4,0.2676
UI3,0.0954
NpI3,0.0004
PuI3,0.0
CsAu,1.0239
Cs2Hg27,0.0
CsHg2,0.0
Cs3Hg20,0.0
Cs5Hg19,0.0378
Cs4Pb9,0.8233
CsBi2,0.0
Cs3Bi,0.1815
Cs3Bi2,0.0
BaPt,0.0
BaPt5,0.0284
BaPt2,0.0575
BaAu2,0.0
BaAu,0
BaAu5,0.0844
BaHg11,0.0
Ba2Hg,0.0
BaHg,0.0
BaHg2,0.0
BaHg3,0
BaTl2,0.013
Ba2Pb,0.0314
Ba3Pb5,0.0
BaPb,0.0
BaPb3,0.0052
Ba4Bi3,0.0
Ba2Bi3,0
Ba5Bi3,0.0155
Ba11Bi10,0.0019
LaOs2,0.0
LaIr2,0.0
LaPt2,0.0
LaPt5,0.0648
LaAu3,0
LaHg2,0.0203
LaHg,0.0437
LaHg3,0
LaTl,0.0
La3Tl,0.0
LaTl3,0.0
LaPb3,0.0495
La5Pb4,0.022
La4Pb3,0.039
La3Pb,0.0725
LaBi,0.0
La4Bi3,0.0119
LaBi3,0.1524
CeOs2,0.0
CeIr2,0.0
Ce5Ir4,0.0011
CeIr3,0.0055
CePt3,0.0
CePt,0.0014
CePt5,0.0
CeAu3,0
CeHg,0.0
CeHg2,0.0
CeHg3,0
CeTl3,0.0184
Ce3Tl,0.0142
CePb3,0.0
Ce3Pb,0
CeBi,0.0028
Ce4Bi3,0.0
PrOs2,0
PrIr2,0.0116
PrPt,0.0078
PrPt2,0.0061
PrPt5,0.0162
PrAu,0.0
Pr2Au,0.0103
PrAu6,0.0
PrAu2,0.0145
PrHg,0.0119
PrHg3,0
PrTl3,0.0
PrTl,0.0
Pr5Tl3,0
PrPb3,0.0159
Pr3Pb,0.0203
Pr4Bi3,0.0
PrBi,0.0
NdOs2,0
Nd5Ir3,0.0
NdIr2,0.0111
NdPt2,0.0
NdPt5,0.028
NdPt,0
Nd3Au4,0.0
NdAu,0.0
Nd17Au36,0.0413
NdAu3,0
NdHg,0.0496
NdHg2,0.0094
NdTl,0.0
NdTl3,0
Nd2Tl,0.0058
Nd3Tl,0.0658
NdPb3,0.0134
NdBi,0.0
Nd4Bi3,0.0216
PmAu3,0
Pm3Tl,0
PmTl3,0
Pm3Pb,0.061
SmOs2,0
Sm3Ir,0.0
SmPt2,0.0223
SmPt3,0.018
SmAu6,0.0
SmAu3,0.0317
SmAu,0.0
SmHg3,0
SmTl,0.0418
Sm2Tl,0.0079
SmTl3,0.1152
SmPb3,0.182
SmBi,0.0
Sm4Bi3,0.0
EuIr2,0.012
Eu4Ir,0
EuPt2,0.007
EuAu5,0.0065
EuHg,0.0965
EuHg2,0.0021
EuTl2,0.0553
Eu3Tl,0
EuPb,0.0188
EuPb3,0.0799
EuBi3,0.0712
GdOs2,0.0102
GdIr3,0.009
GdPt2,0.019
GdPt3,0.045
GdPt,0.0094
GdAu,0.0
GdHg,0.0099
GdTl,0.0049
GdTl3,0.004
Gd2Tl,0
GdBi,0.0057
TbIr2,0.0301
TbPt3,0.0603
TbPt2,0.0284
TbPt,0.0131
Tb2Pt,0.0
TbAu,0.0
TbAu2,0
TbHg,0.0678
TbHg3,0
TbTl,0.0
TbTl3,0.0414
Tb5Tl3,0.0078
TbPb3,0.12
TbBi,0.0
Tb5Bi3,0.0
DyIr2,0.0
DyPt2,0.0394
DyPt3,0.0331
DyAu2,0.0451
DyAu,0.0
DyHg,0.0054
DyHg3,0
DyTl,0.0
DyTl3,0.0
Dy2Tl,0.0031
DyPb3,0.0884
Dy5Pb3,0
Dy5Bi3,0.0
DyBi,0.0
HoIr2,0.0305
HoIr,0.0
HoPt3,0.0613
HoPt2,0.0597
HoAu,0.0
HoAu3,0.0455
HoAu2,0.0259
HoAu4,0.0152
Ho2Au,0.0121
HoHg,0.0098
HoHg3,0
HoTl3,0.0763
HoTl,0.0508
HoPb3,0.0651
Ho5Pb3,0.0451
Ho5Bi3,0.0
HoBi,0.0
ErIr2,0.0294
ErIr,0.4435
ErPt3,0.0616
ErPt2,0.0
Er2Pt,0.0343
ErAu,0.0
ErAu2,0.001
ErHg,0.0147
ErHg3,0
ErTl3,0.0
ErTl,0.0
ErPb3,0.0739
Er5Bi3,0.0
ErBi,0.0
TmIr2,0.0
TmIr,0.4763
TmPt3,0.0759
TmPt2,0
TmAu2,0.0263
TmAu,0.0
TmAu3,0
TmHg,0.0277
TmHg3,0
TmTl3,0.0
TmTl,0.0
TmPb3,0.0797
TmBi,0.0
YbIr2,0.0258
YbPt2,0.0
YbPt,0.2514
YbAu2,0.0
YbAu,0.1591
YbAu4,0.0
Yb5Au3,0
Yb5Au4,0
YbAu3,0
Yb7Au3,0
YbHg,0.0
YbHg3,0
YbTl3,0.0
YbTl,0.1667
Yb2Tl,0.0094
Yb8Tl3,0
YbPb,0.0
Yb2Pb,0.0
YbPb3,0.123
Yb4Bi3,0.1254
Yb5Bi3,0.0874
LuOs2,0
LuIr,0.0
Lu5Ir2,0
LuIr2,0.0
LuPt3,0.096
LuAu,0.0
LuHg,0.0678
LuTl3,0.0904
LuPb3,0.0391
LuBi,0.2087
HfW2,0.0369
HfRe2,0.0263
Hf5Re24,0.0
HfOs,0.0
HfIr3,0.013
HfPt,0.0
HfPt3,0.0
Hf2Au,0.0012
TaIr3,0.1829
TaIr,0
TaPt3,0
TaPt2,0.0329
Ta3Au,0
IrW,0.1258
Ir3W,0.0055
Pt3W,0.0274
ReOs3,0
Re3Os,0
ReIr3,0
Re3Pt,0
ThRe2,0.0
URe2,0.0
ThOs2,0.0
Th7Os3,0
UOs2,0.0
ThIr2,0.0448
Th7Ir3,0
ThIr5,0.0416
ThIr,0.0
PaIr3,0.0825
UIr3,0.0078
UIr,0.0
NpIr2,0.0008
Pu5Ir3,0.0
Hg4Pt,0.0
Tl2Pt,0
Tl2Pt3,0.0626
PtPb2,0.0
Pt3Pb,0.0
PtPb4,0.0187
Bi2Pt,0
ThPt,0.0
Th7Pt3,0
ThPt3,0
PaPt3,0
UPt3,0.0025
UPt2,0.000200000000001
UPt,0.0
PuPt3,0.0
Pu31Pt20,0
Tl2Au,0.0057
Pb2Au,0.0
PbAu2,0.0
Pb3Au,0.0349
BiAu2,0
AcAu3,0
Th2Au,0.0
ThAu2,0.0
Th3Au4,0.0008
ThAu3,0
PaAu3,0
UAu2,0.0121
NpAu3,0.0058
PuAu3,0
TlHg3,0.0608
TlHg,0.3173
AcHg3,0
Th2Hg,0.0174
ThHg3,0.054
ThHg2,0.0098
TlBi2,0.0512
ThTl3,0.1996
ThTl,0.0097
ThPb,0.0155
ThPb3,0.0
Pu3Pb,0.0
ThBi2,0.0
Th3Bi4,0.0923
PaBi3,0.0016
PuBi,0.0076
